{
    "train_r2": 0.9998546179758725,
    "test_r2": 0.9908951574257009,
    "ais_weights": [
        0.6664106466416723,
        0.0
    ],
    "best_n_estimators": 102,
    "best_max_depth": 22
}