{
    "train_r2": 0.9997943925280718,
    "test_r2": 0.9907497995713009,
    "ais_weights": [
        0.5871960354610972,
        0.8490657843634435
    ],
    "best_n_estimators": 120,
    "best_max_depth": 23
}