{
    "model": "RandomForestRegressor",
    "train_r2": 0.9995253331152317,
    "test_r2": 0.9883471636249321,
    "predictions": [
        0.3880958967903757,
        0.4164682149954579,
        0.40545396280875595,
        0.4212789158931948,
        0.5549983170339231,
        0.18010632656919215,
        0.4899636663761831,
        0.4212789158931948,
        0.35300610017567546,
        0.48616588051401993,
        0.4686703184725133,
        0.2674384795208383,
        0.5908604798067137,
        0.33866335606490156,
        0.35300610017567546,
        0.4703274637009589,
        0.2800339820821748,
        0.4703274637009589,
        0.3089888370934933,
        0.41555747674970894,
        0.27190198221128026,
        0.35646171367444407,
        0.25073999787900125,
        0.3951568847145164,
        0.2715899649113104,
        0.2298393574297179,
        0.25041073594031577,
        0.4533362381788918,
        0.37549933372986827,
        0.3537094416702391,
        0.2877800524716551,
        0.49538097280050286,
        0.5168729107013612,
        0.27359334006519814,
        0.23183235813518124,
        0.34377818968180324,
        0.3662721148658932,
        0.3951568847145164,
        0.18549398512534684,
        0.27190198221128026,
        0.25073999787900125,
        0.44791077052181305,
        0.4533362381788918,
        0.44791077052181305,
        0.23808976433863985,
        0.32649302145435927,
        0.8279001194214324,
        0.840518399660644,
        0.3534564895633045,
        0.2932280211546531,
        0.34039800995024694,
        0.49832459574232785,
        0.34039800995024694,
        0.25358075240110767,
        0.2686342615006524,
        0.840518399660644,
        0.36859682126900256,
        0.2138206096486981,
        0.1782732306954575,
        0.2943249461681392,
        0.21190580923003208,
        0.3243784783220129,
        0.389450476994085,
        0.29639660824699443,
        0.36749344104316173,
        0.378063989597886,
        0.389450476994085,
        0.35376541758307745,
        0.389450476994085,
        0.3433978393482074,
        0.3460456291296056,
        0.2523394611742033,
        0.2876837314816101,
        0.33374319320911655,
        0.18055662373950432,
        0.3445572415955427,
        0.1853875663388345,
        0.2876837314816101,
        0.2523394611742033,
        0.2876837314816101,
        0.2876837314816101,
        0.2523394611742033,
        0.3645169887356545,
        0.34230441859285654,
        0.31538161832173583,
        0.3465106810710107,
        0.477851613111459,
        0.4305579147819751,
        0.47838001835124716,
        0.19640412395852047,
        0.21793488535081768,
        0.23894005413156585,
        0.4273300319533029,
        0.3569866607647574,
        0.4273300319533029,
        0.3569866607647574,
        0.18403469215553278,
        0.19263426457456248,
        0.1818226753166506,
        0.19628779181018025,
        0.22147326389369312,
        0.1884148764979552,
        0.19246048103627647,
        0.1748073810742393,
        0.21585630697301317,
        0.28847573992871706,
        0.23035623550458928,
        0.21247479009032744,
        0.23422152444450522,
        0.23159886388262554,
        0.1890694350305924,
        0.20038565282945858,
        0.21045536912287569,
        0.20317817769355298,
        0.180406770595585,
        0.19406738319523825,
        0.19863204828498915,
        0.22441979168107526,
        0.22977139326536863,
        0.196083668773832,
        0.21218329114391038,
        0.1863223733049299,
        0.2085319463848514,
        0.2131773938463378,
        0.2130930149991469,
        0.1883425320109374,
        0.16559460113703917,
        0.21749611534542201,
        0.23025650247372914,
        0.20042360025636438,
        0.2032578534574589,
        0.1753248585616863,
        0.2036214202389348,
        0.21218329114391038,
        0.1835045808953378,
        0.20267697656296935,
        0.21641320736447583,
        0.20038565282945858,
        0.19290986371817176,
        0.17262524264682244,
        0.1875409329626194,
        0.19141152439839698,
        0.1654929015718435,
        0.15140557638130078,
        0.19410413179699365,
        0.21470027065783198,
        0.1806141673467689,
        0.16070006777973012,
        0.1730930149991476,
        0.15830112643455507,
        0.19657896799597877,
        0.16558444570474717,
        0.16202633726640167,
        0.15427459551178294,
        0.2233045615297011,
        0.17885871845591333,
        0.14400006455212372,
        0.18813430530387934,
        0.2035985964523997,
        0.16486275757450014,
        0.217637715039261,
        0.20474707094739494,
        0.17267586995513665,
        0.1670442043720233,
        0.1656152624274367,
        0.15527732053356919,
        0.13889334605932352,
        0.15862433584318078,
        0.15974764730564078,
        0.20358840643861298,
        0.2213439752119843,
        0.1570588208171378,
        0.17890118453146678,
        0.1349479202689058,
        0.15088676174272347,
        0.1456485874612117,
        0.13884184268647523,
        0.14843424213501544,
        0.18561432872707806,
        0.1706425241724642,
        0.15533172875197668,
        0.19266621787571203,
        0.14402450214174742,
        0.13120629475421766,
        0.1649272635893748,
        0.1788850465005827,
        0.1570484463687124,
        0.1626872587940741,
        0.12959996126872605,
        0.13497281894512597,
        0.2253591634044789,
        0.14583044001493956,
        0.15579341476122632,
        0.15311519326444692,
        0.28883806177638305,
        0.1395367001876621,
        0.1759998893392175,
        0.15862433584318078,
        0.1788850465005827,
        0.1205832284361329,
        0.23406258789463186,
        0.1248765901724005,
        0.14630328431982786,
        0.15885293950390064,
        0.12843968295685634,
        0.13049557587410482,
        0.14599832164478788,
        0.14693340526284193,
        0.15035665048252697,
        0.15401237556425446,
        0.11800801368504987,
        0.12662657518708553,
        0.13774731532329063,
        0.1606330257885735,
        0.18503312907197048,
        0.12697363506840204,
        0.13394736235412372,
        0.11171491937900836,
        0.15011052245722306,
        0.1224516435431735,
        0.13884594635718556,
        0.1305458804218019,
        0.11798767976613682,
        0.1388546608938628,
        0.130658708312008,
        0.12551505678281455,
        0.1436344228809615,
        0.1421656315272571,
        0.19236560478423473,
        0.15513525975313383,
        0.1585300559298034,
        0.18352196386003197,
        0.14022565578041188,
        0.12479949649343655,
        0.1727787844835146,
        0.11910410874266293,
        0.1365259891460213,
        0.11867031847251247,
        0.13126915622689772,
        0.15363389263137542,
        0.13126915622689772,
        0.15885293950390064,
        0.10722693299028509,
        0.1067330631365881,
        0.137753217231728,
        0.1499772223221244,
        0.12240488936227069,
        0.10763393412916841,
        0.09889910964178178,
        0.11449444160107693,
        0.12207493579369164,
        0.12048709188072654,
        0.1288733810096881,
        0.1432227647674516,
        0.10348954947228658,
        0.09065548070583102,
        0.12695380834474507,
        0.13729337556886514,
        0.12030357941524983,
        0.1598288907639744,
        0.14615426113178293,
        0.1332545336339619,
        0.13991197856869467,
        0.10593644382351482,
        0.10588512488530466,
        0.11800284951516739,
